Accepted name (dwc:acceptedNameUsage),Conservation code (dwc:threatStatus),Kingdom (dwc:kingdom),Phylum (dwc:phylum),Class (dwc:class),Order (dwc:order),Family (dwc:family),Native/introduced/feral (dwc:establishmentMeans),Search Area,Search Parameters
"Acanthagenys rufogularis Gould, 1838",,Animalia,Chordata,Aves,Passeriformes,Meliphagidae,native,"User defined circle: [[118.90139, -21.07195]] 20.0 km.",kingdoms: ['Animalia']
Acariformes,,Animalia,Arthropoda,Arachnida,,,,"User defined circle: [[118.90139, -21.07195]] 20.0 km.",kingdoms: ['Animalia']
"Accipiter cirrocephalus (Vieillot, 1817)",,Animalia,Chordata,Aves,Accipitriformes,Accipitridae,native,"User defined circle: [[118.90139, -21.07195]] 20.0 km.",kingdoms: ['Animalia']
"Actitis hypoleucos (Linnaeus, 1758)",MI,Animalia,Chordata,Aves,Charadriiformes,Scolopacidae,native,"User defined circle: [[118.90139, -21.07195]] 20.0 km.",kingdoms: ['Animalia']
"Aegotheles cristatus (Shaw, 1790)",,Animalia,Chordata,Aves,Apodiformes,Aegothelidae,native,"User defined circle: [[118.90139, -21.07195]] 20.0 km.",kingdoms: ['Animalia']
"Agraptocorixa parvipunctata (Hale, 1922)",,Animalia,Arthropoda,Insecta,Hemiptera,Corixidae,,"User defined circle: [[118.90139, -21.07195]] 20.0 km.",kingdoms: ['Animalia']
"Amitermes westraliensis (Hill, 1929)",,Animalia,Arthropoda,Insecta,Blattodea,Termitidae,,"User defined circle: [[118.90139, -21.07195]] 20.0 km.",kingdoms: ['Animalia']
"Amphibolurus longirostris (Boulenger, 1883)",,Animalia,Chordata,Reptilia,Squamata,Agamidae,native,"User defined circle: [[118.90139, -21.07195]] 20.0 km.",kingdoms: ['Animalia']
"Amytornis striatus (Gould, 1840)",,Animalia,Chordata,Aves,Passeriformes,Maluridae,native,"User defined circle: [[118.90139, -21.07195]] 20.0 km.",kingdoms: ['Animalia']
"Aname L. Koch, 1873",,Animalia,Arthropoda,Arachnida,Araneae,Anamidae,,"User defined circle: [[118.90139, -21.07195]] 20.0 km.",kingdoms: ['Animalia']
"Aname baileyorum Castalanelli, Framenau, Huey, Hillyer & Harvey, 2020",,Animalia,Arthropoda,Arachnida,Araneae,Anamidae,,"User defined circle: [[118.90139, -21.07195]] 20.0 km.",kingdoms: ['Animalia']
"Anamesia angusta Mackerras, 1966",,Animalia,,,,,,"User defined circle: [[118.90139, -21.07195]] 20.0 km.",kingdoms: ['Animalia']
"Anamidae Simon, 1889",,Animalia,Arthropoda,Arachnida,Araneae,Anamidae,,"User defined circle: [[118.90139, -21.07195]] 20.0 km.",kingdoms: ['Animalia']
"Anas gracilis Buller, 1869",,Animalia,Chordata,Aves,Anseriformes,Anatidae,native,"User defined circle: [[118.90139, -21.07195]] 20.0 km.",kingdoms: ['Animalia']
"Anas superciliosa Gmelin, 1789",,Animalia,Chordata,Aves,Anseriformes,Anatidae,native,"User defined circle: [[118.90139, -21.07195]] 20.0 km.",kingdoms: ['Animalia']
"Anilios ammodytes (Montague, 1914)",,Animalia,Chordata,Reptilia,Squamata,Typhlopidae,native,"User defined circle: [[118.90139, -21.07195]] 20.0 km.",kingdoms: ['Animalia']
"Anilios ganei (Aplin, 1998)",P1,Animalia,Chordata,Reptilia,Squamata,Typhlopidae,native,"User defined circle: [[118.90139, -21.07195]] 20.0 km.",kingdoms: ['Animalia']
"Anilios grypus (Waite, 1918)",,Animalia,Chordata,Reptilia,Squamata,Typhlopidae,native,"User defined circle: [[118.90139, -21.07195]] 20.0 km.",kingdoms: ['Animalia']
"Anomotarus (Anomotarus) nitidior Baehr, 2006",,Animalia,Arthropoda,Insecta,Coleoptera,Carabidae,,"User defined circle: [[118.90139, -21.07195]] 20.0 km.",kingdoms: ['Animalia']
"Antaresia perthensis (Stull, 1932)",,Animalia,Chordata,Reptilia,Squamata,Pythonidae,native,"User defined circle: [[118.90139, -21.07195]] 20.0 km.",kingdoms: ['Animalia']
"Antaresia stimsoni (Smith, 1985)",,Animalia,Chordata,Reptilia,Squamata,Pythonidae,native,"User defined circle: [[118.90139, -21.07195]] 20.0 km.",kingdoms: ['Animalia']
"Anthus australis Vieillot, 1818",,Animalia,Chordata,Aves,Passeriformes,Motacillidae,native,"User defined circle: [[118.90139, -21.07195]] 20.0 km.",kingdoms: ['Animalia']
"Antichiropus Attems, 1911",,Animalia,Arthropoda,Diplopoda,Polydesmida,Paradoxosomatidae,,"User defined circle: [[118.90139, -21.07195]] 20.0 km.",kingdoms: ['Animalia']
Antichiropus forcipatus,P1,Animalia,Arthropoda,Diplopoda,Polydesmida,Paradoxosomatidae,native,"User defined circle: [[118.90139, -21.07195]] 20.0 km.",kingdoms: ['Animalia']
"Apus pacificus (Latham, 1801)",MI,Animalia,Chordata,Aves,Apodiformes,Apodidae,native,"User defined circle: [[118.90139, -21.07195]] 20.0 km.",kingdoms: ['Animalia']
"Aquila audax (Latham, 1802)",,Animalia,Chordata,Aves,Accipitriformes,Accipitridae,native,"User defined circle: [[118.90139, -21.07195]] 20.0 km.",kingdoms: ['Animalia']
Arachnida,,Animalia,Arthropoda,Arachnida,,,,"User defined circle: [[118.90139, -21.07195]] 20.0 km.",kingdoms: ['Animalia']
Araneomorphae,,Animalia,Arthropoda,Arachnida,Araneae,,,"User defined circle: [[118.90139, -21.07195]] 20.0 km.",kingdoms: ['Animalia']
"Ardeotis australis (J.E. Gray, 1829)",,Animalia,Chordata,Aves,Otidiformes,Otididae,native,"User defined circle: [[118.90139, -21.07195]] 20.0 km.",kingdoms: ['Animalia']
"Artamus cinereus Vieillot, 1817",,Animalia,Chordata,Aves,Passeriformes,Artamidae,native,"User defined circle: [[118.90139, -21.07195]] 20.0 km.",kingdoms: ['Animalia']
"Artamus minor Vieillot, 1817",,Animalia,Chordata,Aves,Passeriformes,Artamidae,native,"User defined circle: [[118.90139, -21.07195]] 20.0 km.",kingdoms: ['Animalia']
"Artamus personatus (Gould, 1841)",,Animalia,Chordata,Aves,Passeriformes,Artamidae,native,"User defined circle: [[118.90139, -21.07195]] 20.0 km.",kingdoms: ['Animalia']
"Asadipus barlee Platnick, 2000",,Animalia,Arthropoda,Arachnida,Araneae,Lamponidae,,"User defined circle: [[118.90139, -21.07195]] 20.0 km.",kingdoms: ['Animalia']
"Asadipus cape Platnick, 2000",,Animalia,Arthropoda,Arachnida,Araneae,Lamponidae,,"User defined circle: [[118.90139, -21.07195]] 20.0 km.",kingdoms: ['Animalia']
"Asianopis schomburgki (Karsch, 1878)",,Animalia,Arthropoda,Arachnida,Araneae,Deinopidae,mixed,"User defined circle: [[118.90139, -21.07195]] 20.0 km.",kingdoms: ['Animalia']
"Assamiidae Sørensen, 1884",,Animalia,Arthropoda,Arachnida,Opiliones,Assamiidae,,"User defined circle: [[118.90139, -21.07195]] 20.0 km.",kingdoms: ['Animalia']
"Asteron Jocqué, 1991",,Animalia,Arthropoda,Arachnida,Araneae,Zodariidae,,"User defined circle: [[118.90139, -21.07195]] 20.0 km.",kingdoms: ['Animalia']
"Austrohorus Beier, 1966",,Animalia,Arthropoda,Arachnida,Pseudoscorpiones,Olpiidae,,"User defined circle: [[118.90139, -21.07195]] 20.0 km.",kingdoms: ['Animalia']
"Austrostrophus Hoffman, 2003",,Animalia,Arthropoda,Diplopoda,Spirobolida,Trigoniulidae,,"User defined circle: [[118.90139, -21.07195]] 20.0 km.",kingdoms: ['Animalia']
"Aythya australis (Eyton, 1838)",,Animalia,Chordata,Aves,Anseriformes,Anatidae,native,"User defined circle: [[118.90139, -21.07195]] 20.0 km.",kingdoms: ['Animalia']
Baetidae,,Animalia,Arthropoda,Insecta,Ephemeroptera,Baetidae,,"User defined circle: [[118.90139, -21.07195]] 20.0 km.",kingdoms: ['Animalia']
"Barnardius zonarius (Shaw, 1805)",,Animalia,Chordata,Aves,Psittaciformes,Psittaculidae,,"User defined circle: [[118.90139, -21.07195]] 20.0 km.",kingdoms: ['Animalia']
"Beierolpium Heurtault, 1976",,Animalia,Arthropoda,Arachnida,Pseudoscorpiones,Olpiidae,,"User defined circle: [[118.90139, -21.07195]] 20.0 km.",kingdoms: ['Animalia']
"Blattodea Brunner von Wattenwyl, 1882",,Animalia,Arthropoda,Insecta,Blattodea,,,"User defined circle: [[118.90139, -21.07195]] 20.0 km.",kingdoms: ['Animalia']
"Bombyliidae Latreille, 1802",,Animalia,Arthropoda,Insecta,Diptera,Bombyliidae,,"User defined circle: [[118.90139, -21.07195]] 20.0 km.",kingdoms: ['Animalia']
"Boreosaragus Matthews, 1993",,Animalia,Arthropoda,Insecta,Coleoptera,Tenebrionidae,mixed,"User defined circle: [[118.90139, -21.07195]] 20.0 km.",kingdoms: ['Animalia']
"Bos primigenius taurus Linnaeus & Raffles, 1758",,Animalia,,,,,alien,"User defined circle: [[118.90139, -21.07195]] 20.0 km.",kingdoms: ['Animalia']
"Brachyurophis approximans (Glauert, 1954)",,Animalia,Chordata,Reptilia,Squamata,Elapidae,native,"User defined circle: [[118.90139, -21.07195]] 20.0 km.",kingdoms: ['Animalia']
"Buddelundia Michaelsen, 1912",,Animalia,Arthropoda,Malacostraca,Isopoda,Armadillidae,,"User defined circle: [[118.90139, -21.07195]] 20.0 km.",kingdoms: ['Animalia']
"Burhinus grallarius (Latham, 1802)",,Animalia,Chordata,Aves,Charadriiformes,Burhinidae,native,"User defined circle: [[118.90139, -21.07195]] 20.0 km.",kingdoms: ['Animalia']
"Cacatua roseicapilla Vieillot, 1817",,Animalia,Chordata,Aves,Psittaciformes,Cacatuidae,native,"User defined circle: [[118.90139, -21.07195]] 20.0 km.",kingdoms: ['Animalia']
"Cacatua sanguinea Gould, 1843",,Animalia,Chordata,Aves,Psittaciformes,Cacatuidae,native,"User defined circle: [[118.90139, -21.07195]] 20.0 km.",kingdoms: ['Animalia']
Caenidae,,Animalia,Arthropoda,Insecta,Ephemeroptera,Caenidae,,"User defined circle: [[118.90139, -21.07195]] 20.0 km.",kingdoms: ['Animalia']
"Camelus dromedarius Linnaeus, 1758",,Animalia,Chordata,Mammalia,Artiodactyla,Camelidae,alien,"User defined circle: [[118.90139, -21.07195]] 20.0 km.",kingdoms: ['Animalia']
"Canis familiaris L., 1758",,Animalia,Chordata,Mammalia,Carnivora,Canidae,alien,"User defined circle: [[118.90139, -21.07195]] 20.0 km.",kingdoms: ['Animalia']
"Carenum Bonelli, 1813",,Animalia,Arthropoda,Insecta,Coleoptera,Carabidae,,"User defined circle: [[118.90139, -21.07195]] 20.0 km.",kingdoms: ['Animalia']
"Carenum pulchrum Sloane, 1897",,Animalia,,,,,,"User defined circle: [[118.90139, -21.07195]] 20.0 km.",kingdoms: ['Animalia']
"Carlia munda (De Vis, 1885)",,Animalia,Chordata,Reptilia,Squamata,Scincidae,native,"User defined circle: [[118.90139, -21.07195]] 20.0 km.",kingdoms: ['Animalia']
"Carlia triacantha (Mitchell, 1953)",,Animalia,Chordata,Reptilia,Squamata,Scincidae,native,"User defined circle: [[118.90139, -21.07195]] 20.0 km.",kingdoms: ['Animalia']
"Cavisternum clavatum Baehr, Harvey & Smith, 2010",,Animalia,,,,,,"User defined circle: [[118.90139, -21.07195]] 20.0 km.",kingdoms: ['Animalia']
"Centropus phasianinus (Latham, 1802)",,Animalia,Chordata,Aves,Cuculiformes,Centropodidae,native,"User defined circle: [[118.90139, -21.07195]] 20.0 km.",kingdoms: ['Animalia']
"Cephaloplatus (Cephaloplatus) bellus Gross, 1970",,Animalia,Arthropoda,Insecta,Hemiptera,Pentatomidae,,"User defined circle: [[118.90139, -21.07195]] 20.0 km.",kingdoms: ['Animalia']
"Ceratopogonidae Newman, 1834",,Animalia,Arthropoda,Insecta,Diptera,Ceratopogonidae,,"User defined circle: [[118.90139, -21.07195]] 20.0 km.",kingdoms: ['Animalia']
"Chalcites basalis (Horsfield, 1821)",,Animalia,Chordata,Aves,Cuculiformes,Cuculidae,native,"User defined circle: [[118.90139, -21.07195]] 20.0 km.",kingdoms: ['Animalia']
"Chalinolobus gouldii (Gray, 1841)",,Animalia,Chordata,Mammalia,Chiroptera,Vespertilionidae,native,"User defined circle: [[118.90139, -21.07195]] 20.0 km.",kingdoms: ['Animalia']
"Charadrius veredus Gould, 1848",MI,Animalia,Chordata,Aves,Charadriiformes,Charadriidae,native,"User defined circle: [[118.90139, -21.07195]] 20.0 km.",kingdoms: ['Animalia']
"Chelodina steindachneri Siebenrock, 1901",,Animalia,Chordata,Reptilia,Testudines,Chelidae,native,"User defined circle: [[118.90139, -21.07195]] 20.0 km.",kingdoms: ['Animalia']
"Chilopoda Latreille, 1817",,Animalia,Arthropoda,Chilopoda,,,,"User defined circle: [[118.90139, -21.07195]] 20.0 km.",kingdoms: ['Animalia']
Chironominae,,Animalia,Arthropoda,Insecta,Diptera,Chironomidae,,"User defined circle: [[118.90139, -21.07195]] 20.0 km.",kingdoms: ['Animalia']
"Chlamydera guttata Gould, 1862",,Animalia,Chordata,Aves,Passeriformes,Ptilonorhynchidae,,"User defined circle: [[118.90139, -21.07195]] 20.0 km.",kingdoms: ['Animalia']
"Chthoniidae Daday, 1888",,Animalia,Arthropoda,Arachnida,Pseudoscorpiones,Chthoniidae,,"User defined circle: [[118.90139, -21.07195]] 20.0 km.",kingdoms: ['Animalia']
"Cicindela (Myriochile) mastersi Castelnau, 1867",,Animalia,Arthropoda,Insecta,Coleoptera,"Carabidae Latreille, 1802",,"User defined circle: [[118.90139, -21.07195]] 20.0 km.",kingdoms: ['Animalia']
"Cincloramphus cruralis (Vigors & Horsfield, 1827)",,Animalia,Chordata,Aves,Passeriformes,Sylviidae,native,"User defined circle: [[118.90139, -21.07195]] 20.0 km.",kingdoms: ['Animalia']
"Cincloramphus mathewsi Iredale, 1911",,Animalia,Chordata,Aves,Passeriformes,Sylviidae,native,"User defined circle: [[118.90139, -21.07195]] 20.0 km.",kingdoms: ['Animalia']
"Circus assimilis Jardine & Selby, 1828",,Animalia,Chordata,Aves,Accipitriformes,Accipitridae,native,"User defined circle: [[118.90139, -21.07195]] 20.0 km.",kingdoms: ['Animalia']
"Clivina Latreille, 1802",,Animalia,,,,,,"User defined circle: [[118.90139, -21.07195]] 20.0 km.",kingdoms: ['Animalia']
Coenagrionidae,,Animalia,Arthropoda,Insecta,Odonata,Coenagrionidae,,"User defined circle: [[118.90139, -21.07195]] 20.0 km.",kingdoms: ['Animalia']
Coleoptera,,Animalia,Arthropoda,Insecta,Coleoptera,,,"User defined circle: [[118.90139, -21.07195]] 20.0 km.",kingdoms: ['Animalia']
Collembola,,Animalia,Arthropoda,Entognatha,Collembola,,,"User defined circle: [[118.90139, -21.07195]] 20.0 km.",kingdoms: ['Animalia']
"Colluricincla harmonica (Latham, 1802)",,Animalia,Chordata,Aves,Passeriformes,Pachycephalidae,native,"User defined circle: [[118.90139, -21.07195]] 20.0 km.",kingdoms: ['Animalia']
"Coptotermes acinaciformis (Froggatt, 1898)",,Animalia,,,,,,"User defined circle: [[118.90139, -21.07195]] 20.0 km.",kingdoms: ['Animalia']
"Coracina novaehollandiae (Gmelin, 1789)",,Animalia,Chordata,Aves,Passeriformes,Campephagidae,native,"User defined circle: [[118.90139, -21.07195]] 20.0 km.",kingdoms: ['Animalia']
"Coracina novaehollandiae subpallida Mathews, 1912",,Animalia,Chordata,Aves,Passeriformes,Campephagidae,native,"User defined circle: [[118.90139, -21.07195]] 20.0 km.",kingdoms: ['Animalia']
Corduliidae,,Animalia,Arthropoda,Insecta,Odonata,Corduliidae,,"User defined circle: [[118.90139, -21.07195]] 20.0 km.",kingdoms: ['Animalia']
Corixidae,,Animalia,Arthropoda,Insecta,Hemiptera,Corixidae,,"User defined circle: [[118.90139, -21.07195]] 20.0 km.",kingdoms: ['Animalia']
"Corvus bennetti North, 1901",,Animalia,Chordata,Aves,Passeriformes,Corvidae,native,"User defined circle: [[118.90139, -21.07195]] 20.0 km.",kingdoms: ['Animalia']
"Corvus orru Bonaparte, 1850",,Animalia,Chordata,Aves,Passeriformes,Corvidae,native,"User defined circle: [[118.90139, -21.07195]] 20.0 km.",kingdoms: ['Animalia']
"Cracticus nigrogularis (Gould, 1837)",,Animalia,Chordata,Aves,Passeriformes,Artamidae,native,"User defined circle: [[118.90139, -21.07195]] 20.0 km.",kingdoms: ['Animalia']
"Cracticus torquatus (Latham, 1802)",,Animalia,Chordata,Aves,Passeriformes,Artamidae,native,"User defined circle: [[118.90139, -21.07195]] 20.0 km.",kingdoms: ['Animalia']
"Cratogaster Blanchard, 1853",,Animalia,Arthropoda,Insecta,Coleoptera,Carabidae,native,"User defined circle: [[118.90139, -21.07195]] 20.0 km.",kingdoms: ['Animalia']
"Crenadactylus ocellatus (Gray, 1845)",,Animalia,Chordata,Reptilia,Squamata,Diplodactylidae,native,"User defined circle: [[118.90139, -21.07195]] 20.0 km.",kingdoms: ['Animalia']
"Creontiades dilutus (Stål, 1859)",,Animalia,Arthropoda,Insecta,Hemiptera,Miridae,,"User defined circle: [[118.90139, -21.07195]] 20.0 km.",kingdoms: ['Animalia']
"Cryptoblepharus ustulatus Horner, 2007",,Animalia,Chordata,Reptilia,Squamata,Scincidae,native,"User defined circle: [[118.90139, -21.07195]] 20.0 km.",kingdoms: ['Animalia']
"Cryptoerithus Rainbow, 1915",,Animalia,Arthropoda,Arachnida,Araneae,Gnaphosidae,,"User defined circle: [[118.90139, -21.07195]] 20.0 km.",kingdoms: ['Animalia']
"Cryptops Leach, 1814",,Animalia,Arthropoda,Chilopoda,Scolopendromorpha,Cryptopidae,,"User defined circle: [[118.90139, -21.07195]] 20.0 km.",kingdoms: ['Animalia']
"Ctenophorus caudicinctus (Günther, 1875)",,Animalia,Chordata,Reptilia,Squamata,Agamidae,native,"User defined circle: [[118.90139, -21.07195]] 20.0 km.",kingdoms: ['Animalia']
"Ctenophorus caudicinctus caudicinctus (Gunther, 1875)",,Animalia,Chordata,Reptilia,Squamata,Agamidae,native,"User defined circle: [[118.90139, -21.07195]] 20.0 km.",kingdoms: ['Animalia']
"Ctenophorus isolepis (Fischer, 1881)",,Animalia,Chordata,Reptilia,Squamata,Agamidae,native,"User defined circle: [[118.90139, -21.07195]] 20.0 km.",kingdoms: ['Animalia']
"Ctenophorus isolepis isolepis (Fischer, 1881)",,Animalia,Chordata,Reptilia,Squamata,Agamidae,native,"User defined circle: [[118.90139, -21.07195]] 20.0 km.",kingdoms: ['Animalia']
"Ctenophorus nuchalis (De Vis, 1884)",,Animalia,Chordata,Reptilia,Squamata,Agamidae,native,"User defined circle: [[118.90139, -21.07195]] 20.0 km.",kingdoms: ['Animalia']
"Ctenotus duricola Storr, 1975",,Animalia,Chordata,Reptilia,Squamata,Scincidae,native,"User defined circle: [[118.90139, -21.07195]] 20.0 km.",kingdoms: ['Animalia']
"Ctenotus fallens Storr, 1974",,Animalia,Chordata,Reptilia,Squamata,Scincidae,native,"User defined circle: [[118.90139, -21.07195]] 20.0 km.",kingdoms: ['Animalia']
"Ctenotus grandis Storr, 1969",,Animalia,Chordata,Reptilia,Squamata,Scincidae,native,"User defined circle: [[118.90139, -21.07195]] 20.0 km.",kingdoms: ['Animalia']
"Ctenotus grandis titan Storr, 1980",,Animalia,Chordata,Reptilia,Squamata,Scincidae,native,"User defined circle: [[118.90139, -21.07195]] 20.0 km.",kingdoms: ['Animalia']
"Ctenotus helenae Storr, 1969",,Animalia,Chordata,Reptilia,Squamata,Scincidae,native,"User defined circle: [[118.90139, -21.07195]] 20.0 km.",kingdoms: ['Animalia']
"Ctenotus inornatus (Gray, 1845)",,Animalia,Chordata,Reptilia,Squamata,Scincidae,native,"User defined circle: [[118.90139, -21.07195]] 20.0 km.",kingdoms: ['Animalia']
"Ctenotus leonhardii (Sternfeld, 1919)",,Animalia,Chordata,Reptilia,Squamata,Scincidae,native,"User defined circle: [[118.90139, -21.07195]] 20.0 km.",kingdoms: ['Animalia']
"Ctenotus pantherinus (Peters, 1866)",,Animalia,Chordata,Reptilia,Squamata,Scincidae,native,"User defined circle: [[118.90139, -21.07195]] 20.0 km.",kingdoms: ['Animalia']
"Ctenotus piankai Storr, 1969",,Animalia,Chordata,Reptilia,Squamata,Scincidae,native,"User defined circle: [[118.90139, -21.07195]] 20.0 km.",kingdoms: ['Animalia']
"Ctenotus rubicundus Storr, 1978",,Animalia,Chordata,Reptilia,Squamata,Scincidae,native,"User defined circle: [[118.90139, -21.07195]] 20.0 km.",kingdoms: ['Animalia']
"Ctenotus saxatilis Storr, 1970",,Animalia,Chordata,Reptilia,Squamata,Scincidae,native,"User defined circle: [[118.90139, -21.07195]] 20.0 km.",kingdoms: ['Animalia']
"Ctenotus schomburgkii (Peters, 1863)",,Animalia,Chordata,Reptilia,Squamata,Scincidae,native,"User defined circle: [[118.90139, -21.07195]] 20.0 km.",kingdoms: ['Animalia']
"Cyclodomorphus melanops (Stirling & Zietz, 1893)",,Animalia,Chordata,Reptilia,Squamata,Scincidae,native,"User defined circle: [[118.90139, -21.07195]] 20.0 km.",kingdoms: ['Animalia']
"Cyclodomorphus melanops melanops (Stirling & Zietz, 1893)",,Animalia,Chordata,Reptilia,Squamata,Scincidae,native,"User defined circle: [[118.90139, -21.07195]] 20.0 km.",kingdoms: ['Animalia']
"Cyclorana australis (Gray, 1842)",,Animalia,Chordata,Amphibia,Anura,Pelodryadidae,native,"User defined circle: [[118.90139, -21.07195]] 20.0 km.",kingdoms: ['Animalia']
"Cyclorana maini Tyler & Martin, 1977",,Animalia,Chordata,Amphibia,Anura,Pelodryadidae,native,"User defined circle: [[118.90139, -21.07195]] 20.0 km.",kingdoms: ['Animalia']
"Dacelo leachii Vigors & Horsfield, 1826",,Animalia,Chordata,Aves,Coraciiformes,Alcedinidae,native,"User defined circle: [[118.90139, -21.07195]] 20.0 km.",kingdoms: ['Animalia']
"Dampetrus Karsch, 1880",,Animalia,Arthropoda,Arachnida,Opiliones,Assamiidae,,"User defined circle: [[118.90139, -21.07195]] 20.0 km.",kingdoms: ['Animalia']
"Dasycercus blythi (Waite, 1904)",P4,Animalia,Chordata,Mammalia,Dasyuromorphia,Dasyuridae,native,"User defined circle: [[118.90139, -21.07195]] 20.0 km.",kingdoms: ['Animalia']
"Dasykaluta rosamondae (Ride, 1964)",,Animalia,Chordata,Mammalia,Dasyuromorphia,Dasyuridae,native,"User defined circle: [[118.90139, -21.07195]] 20.0 km.",kingdoms: ['Animalia']
"Dasyurus hallucatus Gould, 1842",EN,Animalia,Chordata,Mammalia,Dasyuromorphia,Dasyuridae,native,"User defined circle: [[118.90139, -21.07195]] 20.0 km.",kingdoms: ['Animalia']
"Delma elegans Kluge, 1974",,Animalia,Chordata,Reptilia,Squamata,Pygopodidae,native,"User defined circle: [[118.90139, -21.07195]] 20.0 km.",kingdoms: ['Animalia']
"Delma nasuta Kluge, 1974",,Animalia,Chordata,Reptilia,Squamata,Pygopodidae,native,"User defined circle: [[118.90139, -21.07195]] 20.0 km.",kingdoms: ['Animalia']
"Delma pax Kluge, 1974",,Animalia,Chordata,Reptilia,Squamata,Pygopodidae,native,"User defined circle: [[118.90139, -21.07195]] 20.0 km.",kingdoms: ['Animalia']
"Delma tincta De Vis, 1888",,Animalia,Chordata,Reptilia,Squamata,Pygopodidae,native,"User defined circle: [[118.90139, -21.07195]] 20.0 km.",kingdoms: ['Animalia']
"Demansia psammophis (Schelgel, 1837)",,Animalia,Chordata,Reptilia,Squamata,Elapidae,native,"User defined circle: [[118.90139, -21.07195]] 20.0 km.",kingdoms: ['Animalia']
"Diacyclops Kiefer, 1927",,Animalia,Arthropoda,Maxillopoda,Cyclopoida,Cyclopidae,,"User defined circle: [[118.90139, -21.07195]] 20.0 km.",kingdoms: ['Animalia']
"Diacyclops humphreysi Pesce & De Laurentiis, 1996",,Animalia,Arthropoda,Maxillopoda,Cyclopoida,Cyclopidae,,"User defined circle: [[118.90139, -21.07195]] 20.0 km.",kingdoms: ['Animalia']
"Diacyclops humphreysi humphreysi Pesce & De Laurentiis, 1996",,Animalia,Arthropoda,Maxillopoda,Cyclopoida,Cyclopidae,,"User defined circle: [[118.90139, -21.07195]] 20.0 km.",kingdoms: ['Animalia']
"Diacyclops scanloni Karanovic, 2006",,Animalia,Arthropoda,Maxillopoda,Cyclopoida,Cyclopidae,,"User defined circle: [[118.90139, -21.07195]] 20.0 km.",kingdoms: ['Animalia']
"Dieuches distanti Bergroth, 1916",,Animalia,,,,,,"User defined circle: [[118.90139, -21.07195]] 20.0 km.",kingdoms: ['Animalia']
"Dieuches oceanicus (Distant, 1901)",,Animalia,,,,,,"User defined circle: [[118.90139, -21.07195]] 20.0 km.",kingdoms: ['Animalia']
"Dieuches scutellatus Distant, 1904",,Animalia,,,,,,"User defined circle: [[118.90139, -21.07195]] 20.0 km.",kingdoms: ['Animalia']
"Digitonthophagus gazella (Fabricius, 1787)",,Animalia,Arthropoda,Insecta,Coleoptera,Scarabaeidae,,"User defined circle: [[118.90139, -21.07195]] 20.0 km.",kingdoms: ['Animalia']
"Diplodactylus conspicillatus Lucas & Frost, 1897",,Animalia,Chordata,Reptilia,Squamata,Diplodactylidae,native,"User defined circle: [[118.90139, -21.07195]] 20.0 km.",kingdoms: ['Animalia']
"Diplodactylus laevis (Sternfeld, 1924)",,Animalia,Chordata,Reptilia,Squamata,Diplodactylidae,native,"User defined circle: [[118.90139, -21.07195]] 20.0 km.",kingdoms: ['Animalia']
"Diplodactylus savagei Kluge, 1963",,Animalia,Chordata,Reptilia,Squamata,Diplodactylidae,native,"User defined circle: [[118.90139, -21.07195]] 20.0 km.",kingdoms: ['Animalia']
Diplostraca,,Animalia,Arthropoda,Branchiopoda,Diplostraca,,,"User defined circle: [[118.90139, -21.07195]] 20.0 km.",kingdoms: ['Animalia']
"Diporiphora valens Storr, 1979",,Animalia,Chordata,Reptilia,Squamata,Agamidae,native,"User defined circle: [[118.90139, -21.07195]] 20.0 km.",kingdoms: ['Animalia']
"Diporiphora vescus Doughty, Kealley & Donnellan, 2012",,Animalia,Chordata,Reptilia,Squamata,Agamidae,native,"User defined circle: [[118.90139, -21.07195]] 20.0 km.",kingdoms: ['Animalia']
Diptera,,Animalia,Arthropoda,Insecta,Diptera,,,"User defined circle: [[118.90139, -21.07195]] 20.0 km.",kingdoms: ['Animalia']
Dytiscidae,,Animalia,Arthropoda,Insecta,Coleoptera,Dytiscidae,,"User defined circle: [[118.90139, -21.07195]] 20.0 km.",kingdoms: ['Animalia']
Ecnomidae,,Animalia,Arthropoda,Insecta,Trichoptera,Ecnomidae,,"User defined circle: [[118.90139, -21.07195]] 20.0 km.",kingdoms: ['Animalia']
"Ectyche Pascoe, 1869",,Animalia,Arthropoda,Insecta,Coleoptera,Tenebrionidae,uncertain,"User defined circle: [[118.90139, -21.07195]] 20.0 km.",kingdoms: ['Animalia']
"Egernia depressa (Günther, 1875)",,Animalia,Chordata,Reptilia,Squamata,Scincidae,native,"User defined circle: [[118.90139, -21.07195]] 20.0 km.",kingdoms: ['Animalia']
"Egernia formosa Fry, 1914",,Animalia,Chordata,Reptilia,Squamata,Scincidae,native,"User defined circle: [[118.90139, -21.07195]] 20.0 km.",kingdoms: ['Animalia']
"Egretta novaehollandiae (Latham, 1790)",,Animalia,Chordata,Aves,Pelecaniformes,Ardeidae,,"User defined circle: [[118.90139, -21.07195]] 20.0 km.",kingdoms: ['Animalia']
"Elaphoidella humphreysi Karanovic, 2006",,Animalia,Arthropoda,Maxillopoda,Harpacticoida,Canthocamptidae,,"User defined circle: [[118.90139, -21.07195]] 20.0 km.",kingdoms: ['Animalia']
"Elseyornis melanops (Vieillot, 1818)",,Animalia,Chordata,Aves,Charadriiformes,Charadriidae,native,"User defined circle: [[118.90139, -21.07195]] 20.0 km.",kingdoms: ['Animalia']
"Emblema pictum Gould, 1842",,Animalia,Chordata,Aves,Passeriformes,Estrildidae,native,"User defined circle: [[118.90139, -21.07195]] 20.0 km.",kingdoms: ['Animalia']
"Enchytraeus Henle, 1837",,Animalia,Annelida,Oligochaeta,Tubificida,Enchytraeidae,,"User defined circle: [[118.90139, -21.07195]] 20.0 km.",kingdoms: ['Animalia']
"Encoptarthria Main, 1954",,Animalia,Arthropoda,Arachnida,Araneae,Gnaphosidae,,"User defined circle: [[118.90139, -21.07195]] 20.0 km.",kingdoms: ['Animalia']
"Enochrus (Methydrus) elongatulus (W. J. Macleay, 1871)",,Animalia,Arthropoda,Insecta,Coleoptera,"Hydrophilidae Latreille, 1802",,"User defined circle: [[118.90139, -21.07195]] 20.0 km.",kingdoms: ['Animalia']
"Ephippiorhynchus asiaticus (Latham, 1790)",,Animalia,Chordata,Aves,Ciconiiformes,Ciconiidae,native,"User defined circle: [[118.90139, -21.07195]] 20.0 km.",kingdoms: ['Animalia']
"Ephippiorhynchus asiaticus australis (Shaw, 1800)",,Animalia,Chordata,Aves,Ciconiiformes,Ciconiidae,native,"User defined circle: [[118.90139, -21.07195]] 20.0 km.",kingdoms: ['Animalia']
"Epthianura tricolor Gould, 1841",,Animalia,Chordata,Aves,Passeriformes,Meliphagidae,native,"User defined circle: [[118.90139, -21.07195]] 20.0 km.",kingdoms: ['Animalia']
"Equus africanus asinus Linnaeus, 1758",,Animalia,Chordata,Mammalia,Perissodactyla,Equidae,,"User defined circle: [[118.90139, -21.07195]] 20.0 km.",kingdoms: ['Animalia']
"Eremiascincus pallidus Günther, 1875",,Animalia,Chordata,Reptilia,Squamata,Scincidae,native,"User defined circle: [[118.90139, -21.07195]] 20.0 km.",kingdoms: ['Animalia']
"Eremiascincus richardsonii (Gray, 1845)",,Animalia,Chordata,Reptilia,Squamata,Scincidae,native,"User defined circle: [[118.90139, -21.07195]] 20.0 km.",kingdoms: ['Animalia']
"Ethmostigmus curtipes L. E. Koch, 1983",,Animalia,Arthropoda,Chilopoda,Scolopendromorpha,Scolopendridae,,"User defined circle: [[118.90139, -21.07195]] 20.0 km.",kingdoms: ['Animalia']
"Eurostopodus argus Hartert, 1892",,Animalia,Chordata,Aves,Caprimulgiformes,Caprimulgidae,native,"User defined circle: [[118.90139, -21.07195]] 20.0 km.",kingdoms: ['Animalia']
"Euryscaphus waterhousei (Macleay, 1864)",,Animalia,Arthropoda,Insecta,Coleoptera,Carabidae,,"User defined circle: [[118.90139, -21.07195]] 20.0 km.",kingdoms: ['Animalia']
"Falco berigora Vigors & Horsfield, 1827",,Animalia,Chordata,Aves,Falconiformes,Falconidae,native,"User defined circle: [[118.90139, -21.07195]] 20.0 km.",kingdoms: ['Animalia']
"Falco berigora berigora Vigors & Horsfield, 1827",,Animalia,Chordata,Aves,Falconiformes,Falconidae,native,"User defined circle: [[118.90139, -21.07195]] 20.0 km.",kingdoms: ['Animalia']
"Falco cenchroides Vigors & Horsfield, 1827",,Animalia,Chordata,Aves,Falconiformes,Falconidae,native,"User defined circle: [[118.90139, -21.07195]] 20.0 km.",kingdoms: ['Animalia']
"Falco hypoleucos Gould, 1841",VU,Animalia,Chordata,Aves,Falconiformes,Falconidae,native,"User defined circle: [[118.90139, -21.07195]] 20.0 km.",kingdoms: ['Animalia']
"Felis catus Linnaeus, 1758",,Animalia,Chordata,Mammalia,Carnivora,Felidae,alien,"User defined circle: [[118.90139, -21.07195]] 20.0 km.",kingdoms: ['Animalia']
"Formicidae Latreille, 1809",,Animalia,Arthropoda,Insecta,Hymenoptera,Formicidae,,"User defined circle: [[118.90139, -21.07195]] 20.0 km.",kingdoms: ['Animalia']
"Fulica atra Linnaeus, 1758",,Animalia,Chordata,Aves,Gruiformes,Rallidae,native,"User defined circle: [[118.90139, -21.07195]] 20.0 km.",kingdoms: ['Animalia']
"Furina ornata (Gray, 1842)",,Animalia,Chordata,Reptilia,Squamata,Elapidae,native,"User defined circle: [[118.90139, -21.07195]] 20.0 km.",kingdoms: ['Animalia']
Gamasomorphinae,,Animalia,Arthropoda,Arachnida,Araneae,Oonopidae,,"User defined circle: [[118.90139, -21.07195]] 20.0 km.",kingdoms: ['Animalia']
"Gavicalis virescens (Vieillot, 1817)",,Animalia,Chordata,Aves,Passeriformes,Meliphagidae,native,"User defined circle: [[118.90139, -21.07195]] 20.0 km.",kingdoms: ['Animalia']
"Gavicalis virescens virescens Vieillot, 1817",,Animalia,Chordata,Aves,Passeriformes,Meliphagidae,native,"User defined circle: [[118.90139, -21.07195]] 20.0 km.",kingdoms: ['Animalia']
"Gehyra macra Doughty, Bauer, Pepper & Keogh, 2018",,Animalia,Chordata,Reptilia,Squamata,Gekkonidae,native,"User defined circle: [[118.90139, -21.07195]] 20.0 km.",kingdoms: ['Animalia']
"Gehyra media Doughty, Bauer, Pepper & Keogh, 2018",,Animalia,Chordata,Reptilia,Squamata,Gekkonidae,native,"User defined circle: [[118.90139, -21.07195]] 20.0 km.",kingdoms: ['Animalia']
"Gehyra micra Doughty, Bauer, Pepper, Keogh & Ellis, 2018",,Animalia,Chordata,Reptilia,Squamata,Gekkonidae,native,"User defined circle: [[118.90139, -21.07195]] 20.0 km.",kingdoms: ['Animalia']
"Gehyra punctata (Fry, 1914)",,Animalia,Chordata,Reptilia,Squamata,Gekkonidae,native,"User defined circle: [[118.90139, -21.07195]] 20.0 km.",kingdoms: ['Animalia']
"Gehyra variegata (Duméril & Bibron, 1836)",,Animalia,Chordata,Reptilia,Squamata,Gekkonidae,native,"User defined circle: [[118.90139, -21.07195]] 20.0 km.",kingdoms: ['Animalia']
"Geopelia cuneata (Latham, 1802)",,Animalia,Chordata,Aves,Columbiformes,Columbidae,native,"User defined circle: [[118.90139, -21.07195]] 20.0 km.",kingdoms: ['Animalia']
"Geopelia striata (Linnaeus, 1766)",,Animalia,Chordata,Aves,Columbiformes,Columbidae,native,"User defined circle: [[118.90139, -21.07195]] 20.0 km.",kingdoms: ['Animalia']
"Geophaps plumifera Gould, 1842",,Animalia,Chordata,Aves,Columbiformes,Columbidae,native,"User defined circle: [[118.90139, -21.07195]] 20.0 km.",kingdoms: ['Animalia']
"Geophaps plumifera ferruginea (Gould, 1865)",,Animalia,Chordata,Aves,Columbiformes,Columbidae,native,"User defined circle: [[118.90139, -21.07195]] 20.0 km.",kingdoms: ['Animalia']
Gerridae,,Animalia,Arthropoda,Insecta,Hemiptera,Gerridae,,"User defined circle: [[118.90139, -21.07195]] 20.0 km.",kingdoms: ['Animalia']
"Gigadema sulcatum (Macleay, 1864)",,Animalia,Arthropoda,Insecta,Coleoptera,Carabidae,,"User defined circle: [[118.90139, -21.07195]] 20.0 km.",kingdoms: ['Animalia']
Gminatus,,Animalia,Arthropoda,Insecta,Hemiptera,Reduviidae,,"User defined circle: [[118.90139, -21.07195]] 20.0 km.",kingdoms: ['Animalia']
"Gnathaphanus multipunctatus (Macleay, 1888)",,Animalia,Arthropoda,Insecta,Coleoptera,Carabidae,,"User defined circle: [[118.90139, -21.07195]] 20.0 km.",kingdoms: ['Animalia']
Gomphidae,,Animalia,Arthropoda,Insecta,Odonata,Gomphidae,,"User defined circle: [[118.90139, -21.07195]] 20.0 km.",kingdoms: ['Animalia']
"Gonocephalum Solier, 1834",,Animalia,Arthropoda,Insecta,Coleoptera,Tenebrionidae,mixed,"User defined circle: [[118.90139, -21.07195]] 20.0 km.",kingdoms: ['Animalia']
"Gowidon longirostris (Boulenger, 1883)",,Animalia,Chordata,Reptilia,Squamata,Agamidae,native,"User defined circle: [[118.90139, -21.07195]] 20.0 km.",kingdoms: ['Animalia']
"Grallina cyanoleuca (Latham, 1802)",,Animalia,Chordata,Aves,Passeriformes,Monarchidae,native,"User defined circle: [[118.90139, -21.07195]] 20.0 km.",kingdoms: ['Animalia']
"Grayenulla Żabka, 1992",,Animalia,Arthropoda,Arachnida,Araneae,Salticidae,,"User defined circle: [[118.90139, -21.07195]] 20.0 km.",kingdoms: ['Animalia']
"Gymnorhina tibicen (Latham, 1802)",,Animalia,Chordata,Aves,Passeriformes,Artamidae,,"User defined circle: [[118.90139, -21.07195]] 20.0 km.",kingdoms: ['Animalia']
"Haliastur sphenurus (Vieillot, 1818)",,Animalia,Chordata,Aves,Accipitriformes,Accipitridae,native,"User defined circle: [[118.90139, -21.07195]] 20.0 km.",kingdoms: ['Animalia']
"Haliplus testudo Clark, 1862",,Animalia,Arthropoda,Insecta,Coleoptera,"Haliplidae Aubé, 1836",,"User defined circle: [[118.90139, -21.07195]] 20.0 km.",kingdoms: ['Animalia']
"Hamirostra isura (Gould, 1838)",,Animalia,Chordata,Aves,Accipitriformes,Accipitridae,native,"User defined circle: [[118.90139, -21.07195]] 20.0 km.",kingdoms: ['Animalia']
"Heliocheilus cladotus Swinhoe, 1901",,Animalia,Arthropoda,Insecta,Lepidoptera,"Noctuidae Latreille, 1809",,"User defined circle: [[118.90139, -21.07195]] 20.0 km.",kingdoms: ['Animalia']
"Heliocheilus cramboides (Guenée, 1852)",,Animalia,Arthropoda,Insecta,Lepidoptera,"Noctuidae Latreille, 1809",,"User defined circle: [[118.90139, -21.07195]] 20.0 km.",kingdoms: ['Animalia']
"Heliothis punctifera Walker, 1857",,Animalia,,,,,,"User defined circle: [[118.90139, -21.07195]] 20.0 km.",kingdoms: ['Animalia']
"Hemicloea Thorell, 1870",,Animalia,Arthropoda,Arachnida,Araneae,Trochanteriidae,,"User defined circle: [[118.90139, -21.07195]] 20.0 km.",kingdoms: ['Animalia']
Hemiptera,,Animalia,Arthropoda,Insecta,Hemiptera,,,"User defined circle: [[118.90139, -21.07195]] 20.0 km.",kingdoms: ['Animalia']
"Heteronotia binoei (Gray, 1845)",,Animalia,Chordata,Reptilia,Squamata,Gekkonidae,native,"User defined circle: [[118.90139, -21.07195]] 20.0 km.",kingdoms: ['Animalia']
"Heteronotia spelea (Kluge, 1963)",,Animalia,Chordata,Reptilia,Squamata,Gekkonidae,native,"User defined circle: [[118.90139, -21.07195]] 20.0 km.",kingdoms: ['Animalia']
"Heteronyx Guérin-Méneville, 1831",,Animalia,Arthropoda,Insecta,Coleoptera,Scarabaeidae,mixed,"User defined circle: [[118.90139, -21.07195]] 20.0 km.",kingdoms: ['Animalia']
"Heteronyx mimus Blackburn, 1890",,Animalia,Arthropoda,Insecta,Coleoptera,Scarabaeidae,,"User defined circle: [[118.90139, -21.07195]] 20.0 km.",kingdoms: ['Animalia']
"Heteronyx parvulus Macleay, 1888",,Animalia,Arthropoda,Insecta,Coleoptera,Scarabaeidae,,"User defined circle: [[118.90139, -21.07195]] 20.0 km.",kingdoms: ['Animalia']
"Heteroscenes pallidus (Latham, 1802)",,Animalia,Chordata,Aves,Cuculiformes,Cuculidae,native,"User defined circle: [[118.90139, -21.07195]] 20.0 km.",kingdoms: ['Animalia']
"Heterotermes ferox (Froggatt, 1898)",,Animalia,Arthropoda,Insecta,"Blattodea Brunner von Wattenwyl, 1882",Rhinotermitidae,,"User defined circle: [[118.90139, -21.07195]] 20.0 km.",kingdoms: ['Animalia']
"Hieraaetus morphnoides (Gould, 1841)",,Animalia,Chordata,Aves,Accipitriformes,Accipitridae,native,"User defined circle: [[118.90139, -21.07195]] 20.0 km.",kingdoms: ['Animalia']
Hydraenidae,,Animalia,Arthropoda,Insecta,Coleoptera,Hydraenidae,,"User defined circle: [[118.90139, -21.07195]] 20.0 km.",kingdoms: ['Animalia']
"Hydrophilidae Latreille, 1802",,Animalia,Arthropoda,Insecta,Coleoptera,Hydrophilidae,,"User defined circle: [[118.90139, -21.07195]] 20.0 km.",kingdoms: ['Animalia']
"Hydrovatus nigrita Sharp, 1882",,Animalia,Arthropoda,Insecta,Coleoptera,Dytiscidae,,"User defined circle: [[118.90139, -21.07195]] 20.0 km.",kingdoms: ['Animalia']
"Hypaulax Bates, 1868",,Animalia,Arthropoda,Insecta,Coleoptera,Tenebrionidae,mixed,"User defined circle: [[118.90139, -21.07195]] 20.0 km.",kingdoms: ['Animalia']
"Hypotaenidia philippensis (Linnaeus, 1766)",,Animalia,,,,,,"User defined circle: [[118.90139, -21.07195]] 20.0 km.",kingdoms: ['Animalia']
"Indolpium Hoff, 1945",,Animalia,Arthropoda,Arachnida,Pseudoscorpiones,Olpiidae,,"User defined circle: [[118.90139, -21.07195]] 20.0 km.",kingdoms: ['Animalia']
"Isopedella tindalei Hirst, 1993",,Animalia,Arthropoda,Arachnida,"Araneae Clerck, 1757","Sparassidae Bertkau, 1872",,"User defined circle: [[118.90139, -21.07195]] 20.0 km.",kingdoms: ['Animalia']
"Lagorchestes conspicillatus leichardti Gould, 1853",P4,Animalia,Chordata,Mammalia,Diprotodontia,Macropodidae,native,"User defined circle: [[118.90139, -21.07195]] 20.0 km.",kingdoms: ['Animalia']
"Lalage tricolor (Swainson, 1825)",,Animalia,Chordata,Aves,Passeriformes,Campephagidae,native,"User defined circle: [[118.90139, -21.07195]] 20.0 km.",kingdoms: ['Animalia']
"Lamponina scutata (Strand, 1913)",,Animalia,Arthropoda,Arachnida,Araneae,Lamponidae,,"User defined circle: [[118.90139, -21.07195]] 20.0 km.",kingdoms: ['Animalia']
Leptoceridae,,Animalia,Arthropoda,Insecta,Trichoptera,Leptoceridae,,"User defined circle: [[118.90139, -21.07195]] 20.0 km.",kingdoms: ['Animalia']
"Lerista bipes (Fischer, 1882)",,Animalia,Chordata,Reptilia,Squamata,Scincidae,native,"User defined circle: [[118.90139, -21.07195]] 20.0 km.",kingdoms: ['Animalia']
"Lerista clara Smith & Adams, 2007",,Animalia,Chordata,Reptilia,Squamata,Scincidae,native,"User defined circle: [[118.90139, -21.07195]] 20.0 km.",kingdoms: ['Animalia']
"Lerista jacksoni Smith & Adams, 2007",,Animalia,Chordata,Reptilia,Squamata,Scincidae,native,"User defined circle: [[118.90139, -21.07195]] 20.0 km.",kingdoms: ['Animalia']
"Lerista muelleri (Fischer, 1881)",,Animalia,Chordata,Reptilia,Squamata,Scincidae,native,"User defined circle: [[118.90139, -21.07195]] 20.0 km.",kingdoms: ['Animalia']
"Lerista verhmens Smith & Adams, 2007",,Animalia,Chordata,Reptilia,Squamata,Scincidae,native,"User defined circle: [[118.90139, -21.07195]] 20.0 km.",kingdoms: ['Animalia']
"Lialis burtonis Gray, 1835",,Animalia,Chordata,Reptilia,Squamata,Pygopodidae,native,"User defined circle: [[118.90139, -21.07195]] 20.0 km.",kingdoms: ['Animalia']
"Liasis olivaceus (Gray, 1842)",,Animalia,Chordata,Reptilia,Squamata,Pythonidae,native,"User defined circle: [[118.90139, -21.07195]] 20.0 km.",kingdoms: ['Animalia']
"Liasis olivaceus barroni Smith, 1981",VU,Animalia,Chordata,Reptilia,Squamata,Pythonidae,native,"User defined circle: [[118.90139, -21.07195]] 20.0 km.",kingdoms: ['Animalia']
Libellulidae,,Animalia,Arthropoda,Insecta,Odonata,Libellulidae,,"User defined circle: [[118.90139, -21.07195]] 20.0 km.",kingdoms: ['Animalia']
"Lichmera indistincta (Vigors & Horsfield, 1827)",,Animalia,Chordata,Aves,Passeriformes,Meliphagidae,native,"User defined circle: [[118.90139, -21.07195]] 20.0 km.",kingdoms: ['Animalia']
"Limnogonus fossarum gilguy Andersen & Weir, 1997",,Animalia,,,,,,"User defined circle: [[118.90139, -21.07195]] 20.0 km.",kingdoms: ['Animalia']
"Liopholis striata (Sternfeld, 1919)",,Animalia,Chordata,Reptilia,Squamata,Scincidae,native,"User defined circle: [[118.90139, -21.07195]] 20.0 km.",kingdoms: ['Animalia']
"Liparochrus carnei Paulian, 1980",,Animalia,,,,,,"User defined circle: [[118.90139, -21.07195]] 20.0 km.",kingdoms: ['Animalia']
"Liparochrus rufus Blackburn, 1892",,Animalia,,,,,,"User defined circle: [[118.90139, -21.07195]] 20.0 km.",kingdoms: ['Animalia']
"Litoria rubella Gray, 1842",,Animalia,Chordata,Amphibia,Anura,Pelodryadidae,native,"User defined circle: [[118.90139, -21.07195]] 20.0 km.",kingdoms: ['Animalia']
Lucasium,,Animalia,Chordata,Reptilia,Squamata,Diplodactylidae,,"User defined circle: [[118.90139, -21.07195]] 20.0 km.",kingdoms: ['Animalia']
"Lucasium stenodactylus (Boulenger, 1896)",,Animalia,Chordata,Reptilia,Squamata,Diplodactylidae,native,"User defined circle: [[118.90139, -21.07195]] 20.0 km.",kingdoms: ['Animalia']
"Lucasium wombeyi (Storr, 1978)",,Animalia,Chordata,Reptilia,Squamata,Diplodactylidae,native,"User defined circle: [[118.90139, -21.07195]] 20.0 km.",kingdoms: ['Animalia']
"Lucasium woodwardi (Fry, 1914)",,Animalia,Chordata,Reptilia,Squamata,Diplodactylidae,native,"User defined circle: [[118.90139, -21.07195]] 20.0 km.",kingdoms: ['Animalia']
"Lychas C.L. Koch, 1845",,Animalia,Arthropoda,Arachnida,Scorpiones,Buthidae,,"User defined circle: [[118.90139, -21.07195]] 20.0 km.",kingdoms: ['Animalia']
"Macroderma gigas (Dobson, 1880)",VU,Animalia,Chordata,Mammalia,Chiroptera,Megadermatidae,native,"User defined circle: [[118.90139, -21.07195]] 20.0 km.",kingdoms: ['Animalia']
"Macrotis lagotis (Reid, 1837)",VU,Animalia,Chordata,Mammalia,Peramelemorphia,Thylacomyidae,native,"User defined circle: [[118.90139, -21.07195]] 20.0 km.",kingdoms: ['Animalia']
"Malurus lamberti Vigors & Horsfield, 1827",SPLIT,Animalia,Chordata,Aves,Passeriformes,Maluridae,native,"User defined circle: [[118.90139, -21.07195]] 20.0 km.",kingdoms: ['Animalia']
"Malurus leucopterus Dumont, 1824",,Animalia,Chordata,Aves,Passeriformes,Maluridae,native,"User defined circle: [[118.90139, -21.07195]] 20.0 km.",kingdoms: ['Animalia']
"Malurus leucopterus leuconotus Gould, 1865",,Animalia,Chordata,Aves,Passeriformes,Maluridae,native,"User defined circle: [[118.90139, -21.07195]] 20.0 km.",kingdoms: ['Animalia']
"Manorina flavigula (Gould, 1840)",,Animalia,Chordata,Aves,Passeriformes,Meliphagidae,native,"User defined circle: [[118.90139, -21.07195]] 20.0 km.",kingdoms: ['Animalia']
"Mastotermes darwiniensis Froggatt, 1897",,Animalia,,,,,,"User defined circle: [[118.90139, -21.07195]] 20.0 km.",kingdoms: ['Animalia']
"Melanozosteria picea (Princis, 1954)",,Animalia,Arthropoda,Insecta,"Blattodea Brunner von Wattenwyl, 1882",Blattidae,,"User defined circle: [[118.90139, -21.07195]] 20.0 km.",kingdoms: ['Animalia']
"Melanozosteria zonata (Princis, 1954)",,Animalia,Arthropoda,Insecta,"Blattodea Brunner von Wattenwyl, 1882",Blattidae,,"User defined circle: [[118.90139, -21.07195]] 20.0 km.",kingdoms: ['Animalia']
"Melithreptus gularis (Gould, 1837)",,Animalia,Chordata,Aves,Passeriformes,Meliphagidae,native,"User defined circle: [[118.90139, -21.07195]] 20.0 km.",kingdoms: ['Animalia']
Melitidae,,Animalia,Arthropoda,Malacostraca,Amphipoda,Melitidae,,"User defined circle: [[118.90139, -21.07195]] 20.0 km.",kingdoms: ['Animalia']
"Melopsittacus undulatus (Shaw, 1805)",,Animalia,Chordata,Aves,Psittaciformes,Psittaculidae,native,"User defined circle: [[118.90139, -21.07195]] 20.0 km.",kingdoms: ['Animalia']
"Menetia greyii Gray, 1845",,Animalia,Chordata,Reptilia,Squamata,Scincidae,native,"User defined circle: [[118.90139, -21.07195]] 20.0 km.",kingdoms: ['Animalia']
"Meridiescandona lucerna Karanovic, 2003",,Animalia,Arthropoda,Ostracoda,Podocopida,Candonidae,,"User defined circle: [[118.90139, -21.07195]] 20.0 km.",kingdoms: ['Animalia']
"Merops ornatus Latham, 1802",,Animalia,Chordata,Aves,Coraciiformes,Meropidae,native,"User defined circle: [[118.90139, -21.07195]] 20.0 km.",kingdoms: ['Animalia']
"Metistete Pascoe, 1866",,Animalia,Arthropoda,Insecta,Coleoptera,Tenebrionidae,,"User defined circle: [[118.90139, -21.07195]] 20.0 km.",kingdoms: ['Animalia']
Microcerberidae,,Animalia,Arthropoda,Malacostraca,Isopoda,Microcerberidae,,"User defined circle: [[118.90139, -21.07195]] 20.0 km.",kingdoms: ['Animalia']
"Microcerotermes serratus (Froggatt, 1898)",,Animalia,,,,,,"User defined circle: [[118.90139, -21.07195]] 20.0 km.",kingdoms: ['Animalia']
"Mictis profana (Fabricius, 1803)",,Animalia,,,,,,"User defined circle: [[118.90139, -21.07195]] 20.0 km.",kingdoms: ['Animalia']
"Mirafra javanica Horsfield, 1821",,Animalia,Chordata,Aves,Passeriformes,Alaudidae,native,"User defined circle: [[118.90139, -21.07195]] 20.0 km.",kingdoms: ['Animalia']
"Miturga Thorell, 1870",,Animalia,Arthropoda,Arachnida,Araneae,Miturgidae,,"User defined circle: [[118.90139, -21.07195]] 20.0 km.",kingdoms: ['Animalia']
"Morethia ruficauda (Lucas & Frost, 1895)",,Animalia,Chordata,Reptilia,Squamata,Scincidae,native,"User defined circle: [[118.90139, -21.07195]] 20.0 km.",kingdoms: ['Animalia']
"Morethia ruficauda exquisita Storr, 1973",,Animalia,Chordata,Reptilia,Squamata,Scincidae,native,"User defined circle: [[118.90139, -21.07195]] 20.0 km.",kingdoms: ['Animalia']
"Munduala typica Distant, 1910",,Animalia,Arthropoda,Insecta,Hemiptera,Pentatomidae,,"User defined circle: [[118.90139, -21.07195]] 20.0 km.",kingdoms: ['Animalia']
Mythicomyiinae,,Animalia,Arthropoda,Insecta,Diptera,"Bombyliidae Latreille, 1802",,"User defined circle: [[118.90139, -21.07195]] 20.0 km.",kingdoms: ['Animalia']
"Nasutitermes centraliensis (Hill, 1925)",,Animalia,Arthropoda,Insecta,"Blattodea Brunner von Wattenwyl, 1882",Termitidae,,"User defined circle: [[118.90139, -21.07195]] 20.0 km.",kingdoms: ['Animalia']
Nedsia,,Animalia,Arthropoda,Malacostraca,Amphipoda,Hadziidae,,"User defined circle: [[118.90139, -21.07195]] 20.0 km.",kingdoms: ['Animalia']
"Neosparassus Hogg, 1903",,Animalia,Arthropoda,Arachnida,Araneae,Sparassidae,,"User defined circle: [[118.90139, -21.07195]] 20.0 km.",kingdoms: ['Animalia']
"Nephrurus levis DeVis, 1886",,Animalia,Chordata,Reptilia,Squamata,Carphodactylidae,native,"User defined circle: [[118.90139, -21.07195]] 20.0 km.",kingdoms: ['Animalia']
"Nephrurus levis pilbarensis Storr, 1963",,Animalia,Chordata,Reptilia,Squamata,Carphodactylidae,native,"User defined circle: [[118.90139, -21.07195]] 20.0 km.",kingdoms: ['Animalia']
"Ningaui timealeyi Archer, 1975",,Animalia,Chordata,Mammalia,Dasyuromorphia,Dasyuridae,native,"User defined circle: [[118.90139, -21.07195]] 20.0 km.",kingdoms: ['Animalia']
Nocticola,,Animalia,Arthropoda,Insecta,Dictyoptera,Nocticolidae,,"User defined circle: [[118.90139, -21.07195]] 20.0 km.",kingdoms: ['Animalia']
"Notaden nichollsi Parker, 1940",,Animalia,Chordata,Amphibia,Anura,Limnodynastidae,native,"User defined circle: [[118.90139, -21.07195]] 20.0 km.",kingdoms: ['Animalia']
"Notamacropus agilis (Gould, 1842)",,Animalia,Chordata,Mammalia,Diprotodontia,Macropodidae,native,"User defined circle: [[118.90139, -21.07195]] 20.0 km.",kingdoms: ['Animalia']
Notonectidae,,Animalia,Arthropoda,Insecta,Hemiptera,Notonectidae,,"User defined circle: [[118.90139, -21.07195]] 20.0 km.",kingdoms: ['Animalia']
"Notoscincus ornatus (Broom, 1896)",,Animalia,Chordata,Reptilia,Squamata,Scincidae,native,"User defined circle: [[118.90139, -21.07195]] 20.0 km.",kingdoms: ['Animalia']
"Notsodipus Platnick, 2000",,Animalia,Arthropoda,Arachnida,Araneae,Lamponidae,,"User defined circle: [[118.90139, -21.07195]] 20.0 km.",kingdoms: ['Animalia']
"Notsodipus capensis Platnick, 2000",,Animalia,Arthropoda,Arachnida,Araneae,Lamponidae,,"User defined circle: [[118.90139, -21.07195]] 20.0 km.",kingdoms: ['Animalia']
"Nyctophilus geoffroyi Leach, 1821",,Animalia,Chordata,Mammalia,Chiroptera,Vespertilionidae,native,"User defined circle: [[118.90139, -21.07195]] 20.0 km.",kingdoms: ['Animalia']
"Nymphicus hollandicus (Kerr, 1792)",,Animalia,Chordata,Aves,Psittaciformes,Psittacidae,native,"User defined circle: [[118.90139, -21.07195]] 20.0 km.",kingdoms: ['Animalia']
"Nysius vinitor Bergroth, 1891",,Animalia,,,,,,"User defined circle: [[118.90139, -21.07195]] 20.0 km.",kingdoms: ['Animalia']
"Ocyphaps lophotes (Temminck, 1822)",,Animalia,Chordata,Aves,Columbiformes,Columbidae,native,"User defined circle: [[118.90139, -21.07195]] 20.0 km.",kingdoms: ['Animalia']
"Oedura marmorata Gray, 1842",,Animalia,Chordata,Reptilia,Squamata,Diplodactylidae,native,"User defined circle: [[118.90139, -21.07195]] 20.0 km.",kingdoms: ['Animalia']
"Olpiidae Banks, 1895",,Animalia,Arthropoda,Arachnida,Pseudoscorpiones,Olpiidae,,"User defined circle: [[118.90139, -21.07195]] 20.0 km.",kingdoms: ['Animalia']
"Omorgus (Omorgus) insignicollis (Blackburn, 1896)",,Animalia,Arthropoda,Insecta,Coleoptera,Trogidae,,"User defined circle: [[118.90139, -21.07195]] 20.0 km.",kingdoms: ['Animalia']
"Oncocoris desertus Bergroth, 1916",,Animalia,,,,,,"User defined circle: [[118.90139, -21.07195]] 20.0 km.",kingdoms: ['Animalia']
"Onthophagus consentaneus Harold, 1867",,Animalia,Arthropoda,Insecta,Coleoptera,Scarabaeidae,,"User defined circle: [[118.90139, -21.07195]] 20.0 km.",kingdoms: ['Animalia']
"Onthophagus glabratus Hope, 1842",,Animalia,Arthropoda,Insecta,Coleoptera,Scarabaeidae,,"User defined circle: [[118.90139, -21.07195]] 20.0 km.",kingdoms: ['Animalia']
"Onthophagus margaretensis Blackburn, 1903",,Animalia,Arthropoda,Insecta,Coleoptera,Scarabaeidae,,"User defined circle: [[118.90139, -21.07195]] 20.0 km.",kingdoms: ['Animalia']
"Onthophagus mjobergi Gillet, 1925",,Animalia,Arthropoda,Insecta,Coleoptera,Scarabaeidae,,"User defined circle: [[118.90139, -21.07195]] 20.0 km.",kingdoms: ['Animalia']
"Onthophagus pugnacior Blackburn, 1903",,Animalia,Arthropoda,Insecta,Coleoptera,Scarabaeidae,,"User defined circle: [[118.90139, -21.07195]] 20.0 km.",kingdoms: ['Animalia']
"Onthophagus quadripustulatus (Fabricius, 1775)",,Animalia,Arthropoda,Insecta,Coleoptera,Scarabaeidae,,"User defined circle: [[118.90139, -21.07195]] 20.0 km.",kingdoms: ['Animalia']
"Opopaea Simon, 1892",,Animalia,Arthropoda,Arachnida,Araneae,Oonopidae,,"User defined circle: [[118.90139, -21.07195]] 20.0 km.",kingdoms: ['Animalia']
"Opopaea robusta Baehr & Ott, 2013",,Animalia,Arthropoda,Arachnida,Araneae,Oonopidae,,"User defined circle: [[118.90139, -21.07195]] 20.0 km.",kingdoms: ['Animalia']
"Opopaea triangularis Baehr & Harvey, 2013",,Animalia,Arthropoda,Arachnida,Araneae,Oonopidae,,"User defined circle: [[118.90139, -21.07195]] 20.0 km.",kingdoms: ['Animalia']
"Oratemnus Beier, 1932",,Animalia,Arthropoda,Arachnida,Pseudoscorpiones,Atemnidae,,"User defined circle: [[118.90139, -21.07195]] 20.0 km.",kingdoms: ['Animalia']
"Oreoica gutturalis (Vigors & Horsfield, 1827)",,Animalia,Chordata,Aves,Passeriformes,Oreoicidae,native,"User defined circle: [[118.90139, -21.07195]] 20.0 km.",kingdoms: ['Animalia']
"Osphranter robustus (Gould, 1841)",,Animalia,Chordata,Mammalia,Diprotodontia,Macropodidae,native,"User defined circle: [[118.90139, -21.07195]] 20.0 km.",kingdoms: ['Animalia']
"Osphranter robustus erubescens (Sclater, 1870)",,Animalia,Chordata,Mammalia,Diprotodontia,Macropodidae,native,"User defined circle: [[118.90139, -21.07195]] 20.0 km.",kingdoms: ['Animalia']
"Osphranter robustus isabellinus (Gould, 1842)",VU,Animalia,Chordata,Mammalia,Diprotodontia,Macropodidae,native,"User defined circle: [[118.90139, -21.07195]] 20.0 km.",kingdoms: ['Animalia']
"Osphranter rufus (Desmarest, 1822)",,Animalia,Chordata,Mammalia,Diprotodontia,Macropodidae,native,"User defined circle: [[118.90139, -21.07195]] 20.0 km.",kingdoms: ['Animalia']
Ostracoda,,Animalia,Arthropoda,Ostracoda,,,,"User defined circle: [[118.90139, -21.07195]] 20.0 km.",kingdoms: ['Animalia']
"Pachycephala rufiventris (Latham, 1802)",,Animalia,Chordata,Aves,Passeriformes,Pachycephalidae,native,"User defined circle: [[118.90139, -21.07195]] 20.0 km.",kingdoms: ['Animalia']
"Pachycephala rufiventris rufiventris (Latham, 1802)",,Animalia,Chordata,Aves,Passeriformes,Pachycephalidae,native,"User defined circle: [[118.90139, -21.07195]] 20.0 km.",kingdoms: ['Animalia']
"Pamerapa thoracica (Distant, 1901)",,Animalia,,,,,,"User defined circle: [[118.90139, -21.07195]] 20.0 km.",kingdoms: ['Animalia']
"Paramelitidae Bousfield, 1977",,Animalia,Arthropoda,Malacostraca,Amphipoda,Paramelitidae,,"User defined circle: [[118.90139, -21.07195]] 20.0 km.",kingdoms: ['Animalia']
"Parastenocaris jane Karanovic, 2006",,Animalia,Arthropoda,Maxillopoda,Harpacticoida,Parastenocarididae,,"User defined circle: [[118.90139, -21.07195]] 20.0 km.",kingdoms: ['Animalia']
"Pardalotus rubricatus Gould, 1838",,Animalia,Chordata,Aves,Passeriformes,Pardalotidae,native,"User defined circle: [[118.90139, -21.07195]] 20.0 km.",kingdoms: ['Animalia']
"Pelicinus Simon, None",,Animalia,Arthropoda,Arachnida,Araneae,Oonopidae,,"User defined circle: [[118.90139, -21.07195]] 20.0 km.",kingdoms: ['Animalia']
"Petrochelidon ariel (Gould, 1842)",,Animalia,Chordata,Aves,Passeriformes,Hirundinidae,native,"User defined circle: [[118.90139, -21.07195]] 20.0 km.",kingdoms: ['Animalia']
"Petrochelidon nigricans (Vieillot, 1817)",,Animalia,Chordata,Aves,Passeriformes,Hirundinidae,native,"User defined circle: [[118.90139, -21.07195]] 20.0 km.",kingdoms: ['Animalia']
"Petrogale rothschildi Thomas, 1904",,Animalia,Chordata,Mammalia,Diprotodontia,Macropodidae,native,"User defined circle: [[118.90139, -21.07195]] 20.0 km.",kingdoms: ['Animalia']
"Phaps chalcoptera (Latham, 1790)",,Animalia,Chordata,Aves,Columbiformes,Columbidae,native,"User defined circle: [[118.90139, -21.07195]] 20.0 km.",kingdoms: ['Animalia']
"Phorticosomus Schaum, 1863",,Animalia,Arthropoda,Insecta,Coleoptera,Carabidae,,"User defined circle: [[118.90139, -21.07195]] 20.0 km.",kingdoms: ['Animalia']
Planigale,,Animalia,Chordata,Mammalia,Dasyuromorphia,Dasyuridae,,"User defined circle: [[118.90139, -21.07195]] 20.0 km.",kingdoms: ['Animalia']
"Planigale ingrami (Thomas, 1906)",,Animalia,Chordata,Mammalia,Dasyuromorphia,Dasyuridae,native,"User defined circle: [[118.90139, -21.07195]] 20.0 km.",kingdoms: ['Animalia']
"Planigale kendricki Aplin, Cooper, Travouillon & Umbrello, 2023",,Animalia,Chordata,Mammalia,Dasyuromorphia,Dasyuridae,native,"User defined circle: [[118.90139, -21.07195]] 20.0 km.",kingdoms: ['Animalia']
"Planorbidae Rafinesque, 1815",,Animalia,Mollusca,Gastropoda,,Planorbidae,,"User defined circle: [[118.90139, -21.07195]] 20.0 km.",kingdoms: ['Animalia']
"Platyplectrum spenceri (Parker, 1940)",,Animalia,Chordata,Amphibia,Anura,Bufonidae,native,"User defined circle: [[118.90139, -21.07195]] 20.0 km.",kingdoms: ['Animalia']
Pleidae,,Animalia,Arthropoda,Insecta,Hemiptera,Pleidae,,"User defined circle: [[118.90139, -21.07195]] 20.0 km.",kingdoms: ['Animalia']
"Podargus strigoides (Latham, 1802)",,Animalia,Chordata,Aves,Caprimulgiformes,Podargidae,native,"User defined circle: [[118.90139, -21.07195]] 20.0 km.",kingdoms: ['Animalia']
"Pogona minor (Sternfeld, 1919)",,Animalia,Chordata,Reptilia,Squamata,Agamidae,native,"User defined circle: [[118.90139, -21.07195]] 20.0 km.",kingdoms: ['Animalia']
"Pogona minor mitchelli (Badham, 1976)",,Animalia,Chordata,Reptilia,Squamata,Agamidae,native,"User defined circle: [[118.90139, -21.07195]] 20.0 km.",kingdoms: ['Animalia']
"Pomatostomus temporalis (Vigors & Horsfield, 1827)",,Animalia,Chordata,Aves,Passeriformes,Pomatostomidae,native,"User defined circle: [[118.90139, -21.07195]] 20.0 km.",kingdoms: ['Animalia']
"Poodytes carteri (North, 1900)",,Animalia,Chordata,Aves,Passeriformes,Locustellidae,,"User defined circle: [[118.90139, -21.07195]] 20.0 km.",kingdoms: ['Animalia']
"Proablepharus reginae (Glauert, 1960)",,Animalia,Chordata,Reptilia,Squamata,Scincidae,native,"User defined circle: [[118.90139, -21.07195]] 20.0 km.",kingdoms: ['Animalia']
Pseudantechinus,,Animalia,Chordata,Mammalia,Dasyuromorphia,Dasyuridae,,"User defined circle: [[118.90139, -21.07195]] 20.0 km.",kingdoms: ['Animalia']
"Pseudantechinus roryi Cooper, Aplin & Adams, 2000",,Animalia,Chordata,Mammalia,Dasyuromorphia,Dasyuridae,native,"User defined circle: [[118.90139, -21.07195]] 20.0 km.",kingdoms: ['Animalia']
"Pseudantechinus woolleyae Kitchener & Caputi, 1988",,Animalia,Chordata,Mammalia,Dasyuromorphia,Dasyuridae,native,"User defined circle: [[118.90139, -21.07195]] 20.0 km.",kingdoms: ['Animalia']
"Pseudechis australis (Gray, 1842)",,Animalia,Chordata,Reptilia,Squamata,Elapidae,native,"User defined circle: [[118.90139, -21.07195]] 20.0 km.",kingdoms: ['Animalia']
Pseudolampra,,Animalia,Arthropoda,Insecta,"Blattodea Brunner von Wattenwyl, 1882",Blattidae,,"User defined circle: [[118.90139, -21.07195]] 20.0 km.",kingdoms: ['Animalia']
"Pseudomys chapmani Kitchener, 1980",P4,Animalia,Chordata,Mammalia,Rodentia,Muridae,native,"User defined circle: [[118.90139, -21.07195]] 20.0 km.",kingdoms: ['Animalia']
"Pseudomys delicatulus (Gould, 1842)",,Animalia,Chordata,Mammalia,Rodentia,Muridae,native,"User defined circle: [[118.90139, -21.07195]] 20.0 km.",kingdoms: ['Animalia']
"Pseudomys desertor Troughton, 1932",,Animalia,Chordata,Mammalia,Rodentia,Muridae,native,"User defined circle: [[118.90139, -21.07195]] 20.0 km.",kingdoms: ['Animalia']
"Pseudomys hermannsburgensis (Waite, 1896)",,Animalia,Chordata,Mammalia,Rodentia,Muridae,native,"User defined circle: [[118.90139, -21.07195]] 20.0 km.",kingdoms: ['Animalia']
"Pseudonaja modesta (Günther, 1872)",,Animalia,Chordata,Reptilia,Squamata,Elapidae,native,"User defined circle: [[118.90139, -21.07195]] 20.0 km.",kingdoms: ['Animalia']
"Pseudonaja nuchalis Günther, 1858",,Animalia,Chordata,Reptilia,Squamata,Elapidae,native,"User defined circle: [[118.90139, -21.07195]] 20.0 km.",kingdoms: ['Animalia']
"Pterohelaeus Brême, 1842",,Animalia,Arthropoda,Insecta,Coleoptera,Tenebrionidae,,"User defined circle: [[118.90139, -21.07195]] 20.0 km.",kingdoms: ['Animalia']
"Ptilonorhynchus maculatus guttatus (Gould, 1862)",,Animalia,Chordata,Aves,Passeriformes,Ptilonorhynchidae,native,"User defined circle: [[118.90139, -21.07195]] 20.0 km.",kingdoms: ['Animalia']
"Ptilotula keartlandi (North, 1895)",,Animalia,Chordata,Aves,Passeriformes,Meliphagidae,native,"User defined circle: [[118.90139, -21.07195]] 20.0 km.",kingdoms: ['Animalia']
"Ptilotula penicillata (Gould, 1837)",,Animalia,Chordata,Aves,Passeriformes,Meliphagidae,native,"User defined circle: [[118.90139, -21.07195]] 20.0 km.",kingdoms: ['Animalia']
"Pygopus nigriceps (Fischer, 1882)",,Animalia,Chordata,Reptilia,Squamata,Pygopodidae,native,"User defined circle: [[118.90139, -21.07195]] 20.0 km.",kingdoms: ['Animalia']
Rhagada,,Animalia,Mollusca,Gastropoda,Stylommatophora,Camaenidae,,"User defined circle: [[118.90139, -21.07195]] 20.0 km.",kingdoms: ['Animalia']
"Rhagada convicta (Cox, 1870)",,Animalia,,,,,,"User defined circle: [[118.90139, -21.07195]] 20.0 km.",kingdoms: ['Animalia']
"Rhagada radleyi Preston, 1908",,Animalia,,,,,,"User defined circle: [[118.90139, -21.07195]] 20.0 km.",kingdoms: ['Animalia']
"Rhagada richardsonii (Smith, 1874)",,Animalia,,,,,,"User defined circle: [[118.90139, -21.07195]] 20.0 km.",kingdoms: ['Animalia']
"Rhinonicteris aurantia (Gray, 1845)",P4,Animalia,Chordata,Mammalia,Chiroptera,Rhinonycteridae,native,"User defined circle: [[118.90139, -21.07195]] 20.0 km.",kingdoms: ['Animalia']
Rhinonicteris aurantia (Pilbara),VU,Animalia,Chordata,Mammalia,Chiroptera,Rhinonycteridae,native,"User defined circle: [[118.90139, -21.07195]] 20.0 km.",kingdoms: ['Animalia']
"Rhipidura leucophrys (Latham, 1802)",,Animalia,Chordata,Aves,Passeriformes,Rhipiduridae,native,"User defined circle: [[118.90139, -21.07195]] 20.0 km.",kingdoms: ['Animalia']
"Rhipidura leucophrys leucophrys (Latham, 1802)",,Animalia,Chordata,Aves,Passeriformes,Rhipiduridae,native,"User defined circle: [[118.90139, -21.07195]] 20.0 km.",kingdoms: ['Animalia']
"Rhynchoedura ornata Günther, 1867",,Animalia,Chordata,Reptilia,Squamata,Diplodactylidae,native,"User defined circle: [[118.90139, -21.07195]] 20.0 km.",kingdoms: ['Animalia']
"Schedorhinotermes actuosus (Hill, 1933)",,Animalia,Arthropoda,Insecta,"Blattodea Brunner von Wattenwyl, 1882",Rhinotermitidae,,"User defined circle: [[118.90139, -21.07195]] 20.0 km.",kingdoms: ['Animalia']
"Scorpiones C.L. Koch, 1837",,Animalia,Arthropoda,Arachnida,Scorpiones,,,"User defined circle: [[118.90139, -21.07195]] 20.0 km.",kingdoms: ['Animalia']
"Scotorepens greyii (Gray, 1843)",,Animalia,Chordata,Mammalia,Chiroptera,Vespertilionidae,native,"User defined circle: [[118.90139, -21.07195]] 20.0 km.",kingdoms: ['Animalia']
"Simarus godeffroyi (Haag-Rutenberg, 1878)",,Animalia,Arthropoda,Insecta,Coleoptera,Tenebrionidae,,"User defined circle: [[118.90139, -21.07195]] 20.0 km.",kingdoms: ['Animalia']
"Smicrornis brevirostris (Gould, 1838)",,Animalia,Chordata,Aves,Passeriformes,Acanthizidae,native,"User defined circle: [[118.90139, -21.07195]] 20.0 km.",kingdoms: ['Animalia']
Sminthopsis,,Animalia,Chordata,Mammalia,Dasyuromorphia,Dasyuridae,,"User defined circle: [[118.90139, -21.07195]] 20.0 km.",kingdoms: ['Animalia']
"Sminthopsis macroura (Gould, 1845)",,Animalia,Chordata,Mammalia,Dasyuromorphia,Dasyuridae,native,"User defined circle: [[118.90139, -21.07195]] 20.0 km.",kingdoms: ['Animalia']
"Sminthopsis ooldea Troughton, 1965",,Animalia,Chordata,Mammalia,Dasyuromorphia,Dasyuridae,native,"User defined circle: [[118.90139, -21.07195]] 20.0 km.",kingdoms: ['Animalia']
"Sminthopsis youngsoni McKenzie & Archer, 1982",,Animalia,Chordata,Mammalia,Dasyuromorphia,Dasyuridae,native,"User defined circle: [[118.90139, -21.07195]] 20.0 km.",kingdoms: ['Animalia']
"Stenophyella macreta Horváth, 1914",,Animalia,,,,,,"User defined circle: [[118.90139, -21.07195]] 20.0 km.",kingdoms: ['Animalia']
"Sterna hybrida Pallas, 1811",,Animalia,Chordata,Aves,Charadriiformes,Laridae,native,"User defined circle: [[118.90139, -21.07195]] 20.0 km.",kingdoms: ['Animalia']
"Strophurus elderi (Stirling & Zietz, 1893)",,Animalia,Chordata,Reptilia,Squamata,Diplodactylidae,native,"User defined circle: [[118.90139, -21.07195]] 20.0 km.",kingdoms: ['Animalia']
"Strophurus jeanae (Storr, 1988)",,Animalia,Chordata,Reptilia,Squamata,Diplodactylidae,native,"User defined circle: [[118.90139, -21.07195]] 20.0 km.",kingdoms: ['Animalia']
"Succinea Draparnaud, 1801",,Animalia,Mollusca,Gastropoda,Stylommatophora,Succineidae,,"User defined circle: [[118.90139, -21.07195]] 20.0 km.",kingdoms: ['Animalia']
"Sugomel niger (Gould, 1838)",,Animalia,Chordata,Aves,Passeriformes,Meliphagidae,native,"User defined circle: [[118.90139, -21.07195]] 20.0 km.",kingdoms: ['Animalia']
"Synoicus ypsilophorus (Bosc, 1792)",,Animalia,Chordata,Aves,Galliformes,Phasianidae,,"User defined circle: [[118.90139, -21.07195]] 20.0 km.",kingdoms: ['Animalia']
"Synothele Simon, 1908",,Animalia,Arthropoda,Arachnida,Araneae,Barychelidae,,"User defined circle: [[118.90139, -21.07195]] 20.0 km.",kingdoms: ['Animalia']
"Synsphyronus Chamberlin, 1930",,Animalia,Arthropoda,Arachnida,Pseudoscorpiones,Garypidae,uncertain,"User defined circle: [[118.90139, -21.07195]] 20.0 km.",kingdoms: ['Animalia']
"Tachyglossus aculeatus acanthion Collet, 1884",,Animalia,Chordata,Mammalia,Monotremata,Tachyglossidae,native,"User defined circle: [[118.90139, -21.07195]] 20.0 km.",kingdoms: ['Animalia']
"Taeniopygia castanotis (Gould, 1837)",,Animalia,Chordata,Aves,Passeriformes,Estrildidae,,"User defined circle: [[118.90139, -21.07195]] 20.0 km.",kingdoms: ['Animalia']
"Taeniopygia guttata (Vieillot, 1817)",,Animalia,Chordata,Aves,Passeriformes,Estrildidae,native,"User defined circle: [[118.90139, -21.07195]] 20.0 km.",kingdoms: ['Animalia']
Tanypodinae,,Animalia,Arthropoda,Insecta,Diptera,Chironomidae,,"User defined circle: [[118.90139, -21.07195]] 20.0 km.",kingdoms: ['Animalia']
"Taphozous georgianus Thomas, 1915",,Animalia,Chordata,Mammalia,Chiroptera,Emballonuridae,native,"User defined circle: [[118.90139, -21.07195]] 20.0 km.",kingdoms: ['Animalia']
Termitoidae,,Animalia,Arthropoda,Insecta,Blattodea,,,"User defined circle: [[118.90139, -21.07195]] 20.0 km.",kingdoms: ['Animalia']
"Tesserodon novaehollandiae (Fabricius, 1775)",,Animalia,,,,,,"User defined circle: [[118.90139, -21.07195]] 20.0 km.",kingdoms: ['Animalia']
"Thorictosoma Lea, 1919",,Animalia,Arthropoda,Insecta,Coleoptera,Tenebrionidae,,"User defined circle: [[118.90139, -21.07195]] 20.0 km.",kingdoms: ['Animalia']
"Tiliqua multifasciata Sternfeld, 1919",,Animalia,Chordata,Reptilia,Squamata,Scincidae,native,"User defined circle: [[118.90139, -21.07195]] 20.0 km.",kingdoms: ['Animalia']
"Todiramphus pyrrhopygius (Gould, 1840)",,Animalia,Chordata,Aves,Coraciiformes,Alcedinidae,native,"User defined circle: [[118.90139, -21.07195]] 20.0 km.",kingdoms: ['Animalia']
"Todiramphus sanctus (Vigors & Horsfield, 1827)",,Animalia,Chordata,Aves,Coraciiformes,Alcedinidae,native,"User defined circle: [[118.90139, -21.07195]] 20.0 km.",kingdoms: ['Animalia']
"Trichocarenum cylindricum Sloane, 1897",,Animalia,Arthropoda,Insecta,Coleoptera,Carabidae,,"User defined circle: [[118.90139, -21.07195]] 20.0 km.",kingdoms: ['Animalia']
"Trichonephila edulis (Labillardière, 1799)",,Animalia,Arthropoda,Arachnida,Araneae,Nephilidae,,"User defined circle: [[118.90139, -21.07195]] 20.0 km.",kingdoms: ['Animalia']
"Tumulitermes dalbiensis (Hill, 1942)",,Animalia,,,,,,"User defined circle: [[118.90139, -21.07195]] 20.0 km.",kingdoms: ['Animalia']
"Tumulitermes hastilis (Froggatt, 1898)",,Animalia,,,,,,"User defined circle: [[118.90139, -21.07195]] 20.0 km.",kingdoms: ['Animalia']
"Turnix velox (Gould, 1841)",,Animalia,Chordata,Aves,Charadriiformes,Turnicidae,native,"User defined circle: [[118.90139, -21.07195]] 20.0 km.",kingdoms: ['Animalia']
"Uperoleia russelli (Loveridge, 1933)",,Animalia,Chordata,Amphibia,Anura,Myobatrachidae,native,"User defined circle: [[118.90139, -21.07195]] 20.0 km.",kingdoms: ['Animalia']
"Uperoleia saxatilis Catullo, Doughty, Roberts & Keogh, 2011",,Animalia,Chordata,Amphibia,Anura,Myobatrachidae,native,"User defined circle: [[118.90139, -21.07195]] 20.0 km.",kingdoms: ['Animalia']
"Urodacus Peters, 1861",,Animalia,Arthropoda,Arachnida,Scorpiones,Urodacidae,,"User defined circle: [[118.90139, -21.07195]] 20.0 km.",kingdoms: ['Animalia']
"Varanus acanthurus Boulenger, 1885",,Animalia,Chordata,Reptilia,Squamata,Varanidae,native,"User defined circle: [[118.90139, -21.07195]] 20.0 km.",kingdoms: ['Animalia']
"Varanus brevicauda Boulenger, 1898",,Animalia,Chordata,Reptilia,Squamata,Varanidae,native,"User defined circle: [[118.90139, -21.07195]] 20.0 km.",kingdoms: ['Animalia']
"Varanus eremius Lucas & Frost, 1895",,Animalia,Chordata,Reptilia,Squamata,Varanidae,native,"User defined circle: [[118.90139, -21.07195]] 20.0 km.",kingdoms: ['Animalia']
"Varanus giganteus (Gray, 1845)",,Animalia,Chordata,Reptilia,Squamata,Varanidae,native,"User defined circle: [[118.90139, -21.07195]] 20.0 km.",kingdoms: ['Animalia']
"Varanus gilleni Lucas & Frost, 1895",,Animalia,Chordata,Reptilia,Squamata,Varanidae,native,"User defined circle: [[118.90139, -21.07195]] 20.0 km.",kingdoms: ['Animalia']
"Varanus gouldii (Gray, 1838)",,Animalia,Chordata,Reptilia,Squamata,Varanidae,native,"User defined circle: [[118.90139, -21.07195]] 20.0 km.",kingdoms: ['Animalia']
"Varanus panoptes rubidus Storr, 1980",,Animalia,Chordata,Reptilia,Squamata,Varanidae,native,"User defined circle: [[118.90139, -21.07195]] 20.0 km.",kingdoms: ['Animalia']
"Varanus pilbarensis Storr, 1980",,Animalia,Chordata,Reptilia,Squamata,Varanidae,native,"User defined circle: [[118.90139, -21.07195]] 20.0 km.",kingdoms: ['Animalia']
"Varanus tristis (Schlegel, 1839)",,Animalia,Chordata,Reptilia,Squamata,Varanidae,native,"User defined circle: [[118.90139, -21.07195]] 20.0 km.",kingdoms: ['Animalia']
"Vermicella snelli Storr, 1969",,Animalia,Chordata,Reptilia,Squamata,Elapidae,native,"User defined circle: [[118.90139, -21.07195]] 20.0 km.",kingdoms: ['Animalia']
"Vespadelus finlaysoni (Kitchener, Jones & Caputi, 1987)",,Animalia,Chordata,Mammalia,Chiroptera,Vespertilionidae,native,"User defined circle: [[118.90139, -21.07195]] 20.0 km.",kingdoms: ['Animalia']
"Wattiana Matthews & Lawrence, 2005",,Animalia,Arthropoda,Insecta,Coleoptera,Tenebrionidae,,"User defined circle: [[118.90139, -21.07195]] 20.0 km.",kingdoms: ['Animalia']
"Wesmaldra nixaut Platnick & Baehr, 2006",,Animalia,Arthropoda,Arachnida,Araneae,Gnaphosidae,,"User defined circle: [[118.90139, -21.07195]] 20.0 km.",kingdoms: ['Animalia']
"Wydundra kennedy Platnick & Baehr, 2006",,Animalia,Arthropoda,Arachnida,Araneae,Gnaphosidae,,"User defined circle: [[118.90139, -21.07195]] 20.0 km.",kingdoms: ['Animalia']
"Xestaspis Simon, 1884",,Animalia,Arthropoda,Arachnida,Araneae,Oonopidae,,"User defined circle: [[118.90139, -21.07195]] 20.0 km.",kingdoms: ['Animalia']
"Zyzomys argurus (Thomas, 1889)",,Animalia,Chordata,Mammalia,Rodentia,Muridae,native,"User defined circle: [[118.90139, -21.07195]] 20.0 km.",kingdoms: ['Animalia']
